Nom,Prix,Nombre de ventes récemment,Réduction
SHEIN Najma Abaya manches trompette (sans ceinture),"18,99€",0,-3%
Sweat-shirt Imprimé Cœur À Doublure Thermique,"8,49€",1,-15%
Robe de soirée asymétrique fendu à paillettes,"31,99€",0,-9%
Yoga Basic Legging De Sport Unicolore Taille Haute À Poche De Téléphone,"9,99€",0,Pas de promotion
SHEIN BASICS Legging de grossesse taille haute unicolore,"6,39€",6,-20%
Street Sport Débardeur De Sport À Dos Nageur Motif Lettre,"6,99€",0,Pas de promotion
T-shirt en dentelle,"7,24€",5,-31%
Ensemble De Pyjama Passepoil Contrasté En Satin,"10,99€",3,Pas de promotion
Dazy Star T-shirt Unicolore Col Rond Ajusté Thermique,"5,93€",0,-34%
SHEIN LUNE Pull À Blocs De Couleurs Épaule tombante,"14,87€",0,-15%
SHEIN Mulvari Kurta à imprimé baroque fendu & pantalon,"23,36€",0,-18%
Leggings De Sport Sans Couture Pour Femmes Avec Design De Taille En V À L'arrière,"9,49€",0,Pas de promotion
VUTRU Veste De Sport Femme Ajusté Avec Trou De Pouce,"14,99€",0,Pas de promotion
SHEIN LUNE Pantalon De Survêtement Unicolore Taille Élastique À Poche,"10,19€",9,-15%
Pull En V À Manches Longues Élégant Et Confortable À Bordure À Volants De Couleur Unie À La Mode Pour Femmes En Automne/hiver,"14,84€",1,-10%
"Yoga Basic 3 Pièces Collants De Sport D'entraînement, Tricot Côtelé Stretch Élevé - Collants De Sport","23,49€",0,Pas de promotion
SHEIN Frenchy Pull col bardot pliable,"16,14€",0,-15%
"Femme À Doublure En Polaire Pantalon De Sport , Laine D'Hiver Course Pantalon","9,99€",0,Pas de promotion
SHEIN Frenchy Leggings & T-shirt Épaule tombante Côtelé,"11,89€",0,-15%
Blouse À Manches En Dentelle Encolure crantée,"10,99€",0,-8%
SHEIN LUNE Pull À Bordure Contrastante Épaule Tombante,"12,79€",0,-20%
Ensemble de pyjama en satin,"8,99€",2,Pas de promotion
SHEIN Ensemble de pyjama en satin à liseré contrastant,"12,99€",4,Pas de promotion
SHEIN Essnce Pull Sans Manches En Tricot Torsadé (Sans Blouse),"16,49€",2,Pas de promotion
Pull À Col Roulé Et Manches Lanternes Pour Femmes,"14,99€",1,Pas de promotion
Ensemble De Pyjama Cœur Et Lettre,"8,99€",2,Pas de promotion
SHEIN LUNE Pull à motif étoile,"13,59€",3,-20%
SHEIN Robe De Nuit À Fines Brides En Dentelle,"8,99€",0,-5%
DAZY Jeans Droits À Poches Obliques,"24,49€",0,Pas de promotion
SHEIN LUNE Pull en maille,"12,74€",0,-25%
"Veste Réversible À Doublure En Polaire Corail Pour Femme, Manteau Chaud Et Pelucheux","18,50€",0,Pas de promotion
"Leggings De Sport Pour Femmes Ajustés Avec Poche Pour Téléphone, Pantalons D'entraînement Serrés Pour La Course À Pied Et La Remise En Forme","8,25€",0,Pas de promotion
Sweat-shirt Femme Unicolore Épaule tombante,"11,04€",300,-15%
SHEIN Najma Caftan à strass à broderie fendu ceinturé,"34,02€",0,-18%
"Yoga Basic 2 Pièces Ensemble De Vêtements De Sport Sans Couture Pour Le Yoga, Ensemble D'entraînement De Gymnase Avec Tee-shirt À Manches Raglan Et Collants À Large Bande De Taille","16,14€",500,-15%
SHEIN EZwear T-shirt À Manches Longues Col Rond Couleur Unie,"10,49€",3,-25%
SHEIN Ensemble de pyjama en satin avec boutons,"12,99€",10000,Pas de promotion
Ensemble de pyjama en satin rayé,"12,99€",5,Pas de promotion
Yoga Basic Legging de yoga sans couture élasticité élevé contrôle du ventre taille haute collants de sport,"9,99€",7,Pas de promotion
SHEIN LUNE Pull À Blocs De Couleurs À Col Montant,"10,79€",0,-20%
Yoga Basic Sweat-shirt zippé trou pour le pouce sport,"8,99€",5,Pas de promotion
Yoga Basic Short De Sport Taille Haute,"5,99€",1,Pas de promotion
Yoga Funny Legging de yoga tie dye surpiqure couture taille haute athlétique,"8,99€",0,Pas de promotion
"Femme Hiver Thermique Legging Avec En Cachemire , Polaire Épaisse Doublure Avec Poche , Taille Haute Contrôle Du Ventre Pantalon","10,49€",0,Pas de promotion
Pantalons De Jogging Pour Femme Avec Taille À Cordon De Serrage Et Poche,"13,99€",3,Pas de promotion
DAZY Pull À Col Roulé Et Épaules Tombantes,"19,99€",4,Pas de promotion
Legging De Sport Élasticité Élevé Côtelé,"8,99€",3,Pas de promotion
Dazy Star T-shirt En Velours À Manches Longues Pour Femmes,"5,93€",4,-34%
Robe à fines brides en dentelle ajouré,"7,99€",0,-6%
SHEIN LUNE Pull à motif étoile,"14,44€",0,-15%
SHEIN LUNE Pull Unicolore Côtelé,"14,39€",3,-20%
Ensemble de pyjama à carreaux & à imprimé cœur,"7,22€",0,-15%
Yoga Basic Legging de yoga sans couture élasticité élevé contrôle du ventre de sport avec taille haute,"8,07€",0,-15%
SHEIN Frenchy Pull-over En Laine,"8,50€",100,-50%
"SHEIN Yoga Basic 2 Pièces Leggings De Sport Tricotés Côtelés unicolores, Leggings D'entraînement","15,49€",0,Pas de promotion
ourlet en dentelle Top à fines brides & pantalon Ensemble de pyjama,"14,49€",2,-6%
SHEIN Essnce Robe Moulante Unicolore Fendu,"8,92€",0,-15%
SHEIN Frenchy Sweat-shirt En Dentelle Manches Raglan,"8,92€",0,-15%
T-shirts pour femmes Casual Unicolore,"6,99€",10000,-18%
"Les Poches Latérales À Fermeture Éclair Doublées De Velours Sont Coupe-vent, Imperméables Et Chaudes, Conviennent Aux Sports De Plein Air En Automne Et En Hiver Froids, Pantalons De Ski D'alpinisme À Coquille Souple Pour Femme","22,50€",0,Pas de promotion
SHEIN Essnce Ensemble Deux Pièces À Capuche Et Épaules Tombantes De Couleur Unie Pour Femme,"14,44€",200,-15%
SHEIN LUNE Cardigan Fleuri À Bouton,"16,87€",1,-25%
Chemise Décontractée À Manches Longues Boutonnée Unie,"9,49€",1,-5%
Ensemble de pyjama short & t-shirt à imprimé cœur,"6,37€",4,-15%
Yoga Basic Legging de sport unicolore taille haute,"5,94€",3,-15%
SHEIN LUNE Pull Avec Motif Cœur Épaule tombante,"15,19€",0,-20%
Yoga Basic Legging de sport unicolore taille haute,"9,99€",1,Pas de promotion
Pantalon & Sweat-shirt Zippé Épaule tombante,"23,37€",10000,-15%
Legging De Sport Sans Couture Taille Haute,"8,49€",0,Pas de promotion
Ensemble de pyjama cils à broderie à imprimé nuage,"14,79€",1,-20%
Robe De Soirée Cami Dos Nu En Paillettes,"29,49€",100,-9%
Blouse Festonné Manches Bouffantes,"5,50€",700,-52%
en dentelle en satin Top à fines brides & pantalon Ensemble de pyjama,"9,99€",2,-5%
Yoga Basic T-shirt de sport court sans couture manches raglan,"9,99€",1,Pas de promotion
SHEIN Najma Caftan À Ourlet Duveteux Manches Trompette Col En V,"26,99€",0,-4%
Yoga Basic Veste De Survêtement Zippée De Couleur Unie Avec Trou Pour Le Pouce,"12,49€",100,Pas de promotion
SHEIN LUNE Chemise Pour Femmes À Demi-zipper Imprimé En Feuille D'or Scintillant,"10,99€",0,-4%
Ensemble De Pyjama Cœur Et Lettre,"8,49€",0,Pas de promotion
SHEIN Essnce 3 pièces T-Shirt Court Unicolore,"12,49€",10000,-19%
Pull à rayures,"11,99€",0,-25%
SHEIN Privé Pull Rayé À Manches Raglan,"15,29€",1,-15%
SHEIN PETITE Body ajusté unicolore,"7,99€",7,Pas de promotion
SHEIN LUNE T-shirt En Dentelle Manches Raglan À Bouton,"7,70€",0,-33%
Ensemble de pyjama à imprimé cœur et slogan,"8,49€",5,Pas de promotion
T-shirt À Manches Longues Imprimé Ours Noir Pour Femmes,"8,49€",1,Pas de promotion
SHEIN Frenchy Pull torsadé,"14,49€",900,Pas de promotion
SHEIN Privé T-shirt moulant col bardot pliable à ruché,"9,99€",3,-20%
Ensemble de pyjama à imprimé floral en satin,"11,49€",0,Pas de promotion
"Yoga Basic 3 Pièces Leggings D'entraînement, Leggings Athlétiques Nervurés Pour L'entraînement","19,97€",0,-15%
SHEIN PETITE Legging unicolore taille haute,"5,09€",5,-15%
SHEIN Jean de grossesse skinny déchiré taille haute,"18,99€",800,-3%
Sweat-shirt à capuche à poche kangourou unicolore à doublure thermique,"8,62€",0,-25%
Dessin Animé T-shirt & À Nœud Papillon Pantalon Ensemble De Pyjama,"7,49€",600,Pas de promotion
SHEIN Essnce Pull col en V manches raglan,"13,59€",0,-20%
SHEIN LUNE Pull À Pois Épaule tombante,"16,57€",0,-15%
Ensemble De Pyjama À Carreaux À Nœud Papillon,"8,49€",0,Pas de promotion
Sweat-shirt À Capuche Pour Femme Avec Cordon De Serrage,"11,89€",700,-15%
SHEIN LUNE Pull unicolore,"14,87€",0,-15%
SHEIN Essnce Pull À Ourlet À Rayures En Tricot Torsadé Épaule tombante,"15,29€",0,-15%
SHEIN EZwear Drapeau Motif Pull,"16,57€",3,-15%
SHEIN Yoga Trendy Leggings De Sport À Contrôle Ventral Tie Dye,"10,49€",0,Pas de promotion
SHEIN BASICS 1 pièce Body T-Shirt Ajouré Unicolore,"6,37€",10000,-15%
Nuisette à fines brides en dentelle à nœud en satin,"7,49€",0,-6%
SHEIN SXY Jupe-short Unicolore Fendu,"8,07€",0,-15%
Top Athlétique À Manches Longues Et Unie Pour Femmes & Chemise De Base Confortable Et Chaude Pour Le Ski & La Randonnée Hivernale,"8,99€",600,Pas de promotion
Ensemble Pyjama Haut En Peluche À Col Rond Et Pantalon À Carreaux Pour Femmes,"18,49€",50,-8%
T-shirt,"6,99€",0,-18%
Yoga Basic Pantalon De Sport Unicolore Évasé,"10,99€",0,Pas de promotion
SHEIN Frenchy Pull avec motif cœur à col montant,"15,99€",0,-20%
Pantalon Cargo Poche À Rabat,"18,49€",5,Pas de promotion
SHEIN Yoga Basic Legging De Sport Sans Couture Taille Haute,"7,99€",1,Pas de promotion
SHEIN Essnce Pull À Rayures Zippé Épaule tombante,"15,19€",2,-20%
SHEIN Frenchy T-shirt unicolore dos-nu,"4,49€",6,Pas de promotion
SHEIN Ensemble De Pyjama À Liseré Contrastant En Satin,"12,49€",0,Pas de promotion
SHEIN Essnce Pantalon Évasé Unicolore,"7,64€",1,-15%
SHEIN Essnce Pull Pour Femme Tricoté Ajusté Avec Design À Câble,"10,99€",300,-29%
SHEIN Frenchy Pull Couture Détail Épaule tombante,"11,24€",0,-25%
Ensemble Détente Unicolore Côtelé,"16,19€",2,-21%
SHEIN LUNE T-shirt Pour Femmes,"6,99€",0,-22%
DAZY Pantalon De Survêtement Unicolore Taille Élastique À Poche,"13,17€",0,-15%
